USE [PHUKIENHN]
GO
/****** Object:  UserDefinedFunction [dbo].[AUTO_HD]    Script Date: 20/07/24 8:01:22 PM ******/
SET ANSI_NULLS ON
GO
SET QUOTED_IDENTIFIER ON
GO
CREATE FUNCTION [dbo].[AUTO_HD]()
RETURNS CHAR(5)
AS
BEGIN
	DECLARE @ID CHAR(5)
	IF (SELECT COUNT(SOHD) FROM HOADON) = 0
		SET @ID = '0'
	ELSE
		SELECT @ID = MAX(RIGHT(SOHD, 3)) FROM HOADON
		SELECT @ID = CASE
			WHEN @ID >= 0 and @ID < 9 THEN 'HD00' + CONVERT(CHAR, CONVERT(INT, @ID) + 1)
			WHEN @ID >= 9 THEN 'HD0' + CONVERT(CHAR, CONVERT(INT, @ID) + 1)
		END
	RETURN @ID
END
GO
/****** Object:  UserDefinedFunction [dbo].[AUTO_IDKH]    Script Date: 20/07/24 8:01:22 PM ******/
SET ANSI_NULLS ON
GO
SET QUOTED_IDENTIFIER ON
GO
-- =============================================
-- Author:		<Author,,Name>
-- Create date: <Create Date,,>
-- Description:	<Description,,>
-- =============================================
CREATE FUNCTION [dbo].[AUTO_IDKH]()
RETURNS CHAR(5)
AS
BEGIN
	DECLARE @ID CHAR(5)
	IF (SELECT COUNT(MANV) FROM NHANVIEN) = 0
		SET @ID = '0'
	ELSE
		SELECT @ID = MAX(RIGHT(MANV, 3)) FROM NHANVIEN
		SELECT @ID = CASE
			WHEN @ID >= 0 and @ID < 9 THEN 'NV00' + CONVERT(CHAR, CONVERT(INT, @ID) + 1)
			WHEN @ID >= 9 THEN 'NV0' + CONVERT(CHAR, CONVERT(INT, @ID) + 1)
		END
	RETURN @ID
END
GO
/****** Object:  UserDefinedFunction [dbo].[AUTO_MAKH]    Script Date: 20/07/24 8:01:22 PM ******/
SET ANSI_NULLS ON
GO
SET QUOTED_IDENTIFIER ON
GO
-- =============================================
-- Author:		<Author,,Name>
-- Create date: <Create Date,,>
-- Description:	<Description,,>
-- =============================================
CREATE FUNCTION [dbo].[AUTO_MAKH]()
RETURNS CHAR(5)
AS
BEGIN
	DECLARE @ID CHAR(5)
	IF (SELECT COUNT(MAKH) FROM KHACHHANG) = 0
		SET @ID = '0'
	ELSE
		SELECT @ID = MAX(RIGHT(MAKH, 3)) FROM KHACHHANG
		SELECT @ID = CASE
			WHEN @ID >= 0 and @ID < 9 THEN 'KH00' + CONVERT(CHAR, CONVERT(INT, @ID) + 1)
			WHEN @ID >= 9 THEN 'KH0' + CONVERT(CHAR, CONVERT(INT, @ID) + 1)
		END
	RETURN @ID
END
GO
/****** Object:  UserDefinedFunction [dbo].[AUTO_NCC]    Script Date: 20/07/24 8:01:22 PM ******/
SET ANSI_NULLS ON
GO
SET QUOTED_IDENTIFIER ON
GO
-- =============================================
-- Author:		<Author,,Name>
-- Create date: <Create Date,,>
-- Description:	<Description,,>
-- =============================================
CREATE FUNCTION [dbo].[AUTO_NCC]()
RETURNS CHAR(5)
AS
BEGIN
	DECLARE @ID CHAR(5)
	IF (SELECT COUNT(MANCC) FROM NHACUNGCAP) = 0
		SET @ID = '0'
	ELSE
		SELECT @ID = MAX(RIGHT(MANCC, 3)) FROM NHACUNGCAP
		SELECT @ID = CASE
			WHEN @ID >= 0 and @ID < 9 THEN 'CC00' + CONVERT(CHAR, CONVERT(INT, @ID) + 1)
			WHEN @ID >= 9 THEN 'CC0' + CONVERT(CHAR, CONVERT(INT, @ID) + 1)
		END
	RETURN @ID
END
GO
/****** Object:  UserDefinedFunction [dbo].[AUTO_PHIEUNHAP]    Script Date: 20/07/24 8:01:22 PM ******/
SET ANSI_NULLS ON
GO
SET QUOTED_IDENTIFIER ON
GO
-- =============================================
-- Author:		<Author,,Name>
-- Create date: <Create Date,,>
-- Description:	<Description,,>
-- =============================================
CREATE FUNCTION [dbo].[AUTO_PHIEUNHAP]()
RETURNS CHAR(5)
AS
BEGIN
	DECLARE @ID CHAR(5)
	IF (SELECT COUNT(SOPHIEUNHAP) FROM PHIEUNHAP) = 0
		SET @ID = '0'
	ELSE
		SELECT @ID = MAX(RIGHT(SOPHIEUNHAP, 3)) FROM PHIEUNHAP
		SELECT @ID = CASE
			WHEN @ID >= 0 and @ID < 9 THEN 'PN00' + CONVERT(CHAR, CONVERT(INT, @ID) + 1)
			WHEN @ID >= 9 THEN 'PN0' + CONVERT(CHAR, CONVERT(INT, @ID) + 1)
		END
	RETURN @ID
END
GO
/****** Object:  UserDefinedFunction [dbo].[AUTO_PHIEUXUAT]    Script Date: 20/07/24 8:01:22 PM ******/
SET ANSI_NULLS ON
GO
SET QUOTED_IDENTIFIER ON
GO
-- =============================================
-- Author:		<Author,,Name>
-- Create date: <Create Date,,>
-- Description:	<Description,,>
-- =============================================
CREATE FUNCTION [dbo].[AUTO_PHIEUXUAT]()
RETURNS CHAR(5)
AS
BEGIN
	DECLARE @ID CHAR(5)
	IF (SELECT COUNT(SOPHIEUXUAT) FROM PHIEUXUAT) = 0
		SET @ID = '0'
	ELSE
		SELECT @ID = MAX(RIGHT(SOPHIEUXUAT, 3)) FROM PHIEUXUAT
		SELECT @ID = CASE
			WHEN @ID >= 0 and @ID < 9 THEN 'PX00' + CONVERT(CHAR, CONVERT(INT, @ID) + 1)
			WHEN @ID >= 9 THEN 'PX0' + CONVERT(CHAR, CONVERT(INT, @ID) + 1)
		END
	RETURN @ID
END
GO
/****** Object:  UserDefinedFunction [dbo].[AUTO_SP]    Script Date: 20/07/24 8:01:22 PM ******/
SET ANSI_NULLS ON
GO
SET QUOTED_IDENTIFIER ON
GO
-- =============================================
-- Author:		<Author,,Name>
-- Create date: <Create Date,,>
-- Description:	<Description,,>
-- =============================================
CREATE FUNCTION [dbo].[AUTO_SP]()
RETURNS CHAR(5)
AS
BEGIN
	DECLARE @ID CHAR(5)
	IF (SELECT COUNT(MASP) FROM SANPHAM) = 0
		SET @ID = '0'
	ELSE
		SELECT @ID = MAX(RIGHT(MASP, 3)) FROM SANPHAM
		SELECT @ID = CASE
			WHEN @ID >= 0 and @ID < 9 THEN 'SP00' + CONVERT(CHAR, CONVERT(INT, @ID) + 1)
			WHEN @ID >= 9 THEN 'SP0' + CONVERT(CHAR, CONVERT(INT, @ID) + 1)
		END
	RETURN @ID
END
GO
/****** Object:  Table [dbo].[CTHOADON]    Script Date: 20/07/24 8:01:22 PM ******/
SET ANSI_NULLS ON
GO
SET QUOTED_IDENTIFIER ON
GO
CREATE TABLE [dbo].[CTHOADON](
	[SOHD] [char](5) NOT NULL,
	[MASP] [char](5) NOT NULL,
	[SOLUONG] [int] NOT NULL,
	[DONGIA] [money] NOT NULL,
	[CHIETKHAU] [money] NOT NULL,
	[THANHTIEN] [money] NOT NULL,
 CONSTRAINT [PK_CTHOADON] PRIMARY KEY CLUSTERED 
(
	[SOHD] ASC,
	[MASP] ASC
)WITH (PAD_INDEX = OFF, STATISTICS_NORECOMPUTE = OFF, IGNORE_DUP_KEY = OFF, ALLOW_ROW_LOCKS = ON, ALLOW_PAGE_LOCKS = ON, OPTIMIZE_FOR_SEQUENTIAL_KEY = OFF) ON [PRIMARY]
) ON [PRIMARY]
GO
/****** Object:  Table [dbo].[CTPHIEUNHAP]    Script Date: 20/07/24 8:01:22 PM ******/
SET ANSI_NULLS ON
GO
SET QUOTED_IDENTIFIER ON
GO
CREATE TABLE [dbo].[CTPHIEUNHAP](
	[SOPHIEUNHAP] [char](5) NOT NULL,
	[MASP] [char](5) NOT NULL,
	[SL] [int] NOT NULL,
	[DONGIA] [money] NOT NULL,
	[MANCC] [char](5) NOT NULL,
	[CHIETKHAU] [money] NOT NULL,
	[THANHTIEN] [money] NOT NULL,
 CONSTRAINT [PK_CTPHIEUNHAP] PRIMARY KEY CLUSTERED 
(
	[SOPHIEUNHAP] ASC,
	[MASP] ASC
)WITH (PAD_INDEX = OFF, STATISTICS_NORECOMPUTE = OFF, IGNORE_DUP_KEY = OFF, ALLOW_ROW_LOCKS = ON, ALLOW_PAGE_LOCKS = ON, OPTIMIZE_FOR_SEQUENTIAL_KEY = OFF) ON [PRIMARY]
) ON [PRIMARY]
GO
/****** Object:  Table [dbo].[CTPHIEUXUAT]    Script Date: 20/07/24 8:01:22 PM ******/
SET ANSI_NULLS ON
GO
SET QUOTED_IDENTIFIER ON
GO
CREATE TABLE [dbo].[CTPHIEUXUAT](
	[SOPHIEUXUAT] [char](5) NOT NULL,
	[MASP] [char](5) NOT NULL,
	[SOLUONG] [int] NOT NULL,
	[DONGIA] [money] NOT NULL,
	[THANHTIEN] [money] NOT NULL,
 CONSTRAINT [PK_CTPHIEUXUAT] PRIMARY KEY CLUSTERED 
(
	[SOPHIEUXUAT] ASC,
	[MASP] ASC
)WITH (PAD_INDEX = OFF, STATISTICS_NORECOMPUTE = OFF, IGNORE_DUP_KEY = OFF, ALLOW_ROW_LOCKS = ON, ALLOW_PAGE_LOCKS = ON, OPTIMIZE_FOR_SEQUENTIAL_KEY = OFF) ON [PRIMARY]
) ON [PRIMARY]
GO
/****** Object:  Table [dbo].[HOADON]    Script Date: 20/07/24 8:01:22 PM ******/
SET ANSI_NULLS ON
GO
SET QUOTED_IDENTIFIER ON
GO
CREATE TABLE [dbo].[HOADON](
	[SOHD] [char](5) NOT NULL,
	[NGAYTAO] [date] NOT NULL,
	[TONGTIEN] [money] NOT NULL,
	[MAKH] [char](5) NOT NULL,
	[TINHTRANG] [nvarchar](50) NOT NULL,
 CONSTRAINT [PK_HOADON] PRIMARY KEY CLUSTERED 
(
	[SOHD] ASC
)WITH (PAD_INDEX = OFF, STATISTICS_NORECOMPUTE = OFF, IGNORE_DUP_KEY = OFF, ALLOW_ROW_LOCKS = ON, ALLOW_PAGE_LOCKS = ON, OPTIMIZE_FOR_SEQUENTIAL_KEY = OFF) ON [PRIMARY]
) ON [PRIMARY]
GO
/****** Object:  Table [dbo].[KHACHHANG]    Script Date: 20/07/24 8:01:22 PM ******/
SET ANSI_NULLS ON
GO
SET QUOTED_IDENTIFIER ON
GO
CREATE TABLE [dbo].[KHACHHANG](
	[MAKH] [char](5) NOT NULL,
	[TENKH] [nchar](20) NOT NULL,
	[GIOITINH] [bit] NOT NULL,
	[DIACHI] [nchar](30) NULL,
	[SDT] [char](10) NOT NULL,
 CONSTRAINT [PK_KHACHHANG] PRIMARY KEY CLUSTERED 
(
	[MAKH] ASC
)WITH (PAD_INDEX = OFF, STATISTICS_NORECOMPUTE = OFF, IGNORE_DUP_KEY = OFF, ALLOW_ROW_LOCKS = ON, ALLOW_PAGE_LOCKS = ON, OPTIMIZE_FOR_SEQUENTIAL_KEY = OFF) ON [PRIMARY]
) ON [PRIMARY]
GO
/****** Object:  Table [dbo].[NHACUNGCAP]    Script Date: 20/07/24 8:01:22 PM ******/
SET ANSI_NULLS ON
GO
SET QUOTED_IDENTIFIER ON
GO
CREATE TABLE [dbo].[NHACUNGCAP](
	[MANCC] [char](5) NOT NULL,
	[TENNCC] [nchar](30) NOT NULL,
	[DIACHI] [nchar](50) NOT NULL,
	[SDT] [char](10) NOT NULL,
	[EMAIL] [char](20) NULL,
 CONSTRAINT [PK_NHACUNGCAP] PRIMARY KEY CLUSTERED 
(
	[MANCC] ASC
)WITH (PAD_INDEX = OFF, STATISTICS_NORECOMPUTE = OFF, IGNORE_DUP_KEY = OFF, ALLOW_ROW_LOCKS = ON, ALLOW_PAGE_LOCKS = ON, OPTIMIZE_FOR_SEQUENTIAL_KEY = OFF) ON [PRIMARY]
) ON [PRIMARY]
GO
/****** Object:  Table [dbo].[NHANVIEN]    Script Date: 20/07/24 8:01:22 PM ******/
SET ANSI_NULLS ON
GO
SET QUOTED_IDENTIFIER ON
GO
CREATE TABLE [dbo].[NHANVIEN](
	[MANV] [char](5) NOT NULL,
	[TENNV] [nchar](30) NOT NULL,
	[GIOITINH] [bit] NOT NULL,
	[NGAYSINH] [date] NULL,
	[QUEQUAN] [nchar](30) NOT NULL,
	[CMND] [char](9) NOT NULL,
	[SDT] [char](10) NOT NULL,
	[EMAIL] [char](30) NOT NULL,
	[CHUCVU] [nchar](10) NOT NULL,
	[TENDN] [char](20) NOT NULL,
	[MATKHAU] [char](20) NOT NULL,
 CONSTRAINT [PK_NHANVIEN] PRIMARY KEY CLUSTERED 
(
	[MANV] ASC
)WITH (PAD_INDEX = OFF, STATISTICS_NORECOMPUTE = OFF, IGNORE_DUP_KEY = OFF, ALLOW_ROW_LOCKS = ON, ALLOW_PAGE_LOCKS = ON, OPTIMIZE_FOR_SEQUENTIAL_KEY = OFF) ON [PRIMARY]
) ON [PRIMARY]
GO
/****** Object:  Table [dbo].[PHIEUNHAP]    Script Date: 20/07/24 8:01:22 PM ******/
SET ANSI_NULLS ON
GO
SET QUOTED_IDENTIFIER ON
GO
CREATE TABLE [dbo].[PHIEUNHAP](
	[SOPHIEUNHAP] [char](5) NOT NULL,
	[NGAYNHAP] [date] NOT NULL,
	[NVNHAP] [char](5) NOT NULL,
 CONSTRAINT [PK_PHIEUNHAP] PRIMARY KEY CLUSTERED 
(
	[SOPHIEUNHAP] ASC
)WITH (PAD_INDEX = OFF, STATISTICS_NORECOMPUTE = OFF, IGNORE_DUP_KEY = OFF, ALLOW_ROW_LOCKS = ON, ALLOW_PAGE_LOCKS = ON, OPTIMIZE_FOR_SEQUENTIAL_KEY = OFF) ON [PRIMARY]
) ON [PRIMARY]
GO
/****** Object:  Table [dbo].[PHIEUXUAT]    Script Date: 20/07/24 8:01:22 PM ******/
SET ANSI_NULLS ON
GO
SET QUOTED_IDENTIFIER ON
GO
CREATE TABLE [dbo].[PHIEUXUAT](
	[SOPHIEUXUAT] [char](5) NOT NULL,
	[NGAYXUAT] [date] NOT NULL,
	[NVXUAT] [char](5) NOT NULL,
 CONSTRAINT [PK_PHIEUXUAT] PRIMARY KEY CLUSTERED 
(
	[SOPHIEUXUAT] ASC
)WITH (PAD_INDEX = OFF, STATISTICS_NORECOMPUTE = OFF, IGNORE_DUP_KEY = OFF, ALLOW_ROW_LOCKS = ON, ALLOW_PAGE_LOCKS = ON, OPTIMIZE_FOR_SEQUENTIAL_KEY = OFF) ON [PRIMARY]
) ON [PRIMARY]
GO
/****** Object:  Table [dbo].[SANPHAM]    Script Date: 20/07/24 8:01:22 PM ******/
SET ANSI_NULLS ON
GO
SET QUOTED_IDENTIFIER ON
GO
CREATE TABLE [dbo].[SANPHAM](
	[MASP] [char](5) NOT NULL,
	[TENSP] [nchar](30) NOT NULL,
	[DVT] [char](10) NOT NULL,
	[SLTON] [int] NOT NULL,
	[DONGIA] [money] NOT NULL,
	[MANCC] [char](5) NULL,
 CONSTRAINT [PK_SANPHAM_1] PRIMARY KEY CLUSTERED 
(
	[MASP] ASC
)WITH (PAD_INDEX = OFF, STATISTICS_NORECOMPUTE = OFF, IGNORE_DUP_KEY = OFF, ALLOW_ROW_LOCKS = ON, ALLOW_PAGE_LOCKS = ON, OPTIMIZE_FOR_SEQUENTIAL_KEY = OFF) ON [PRIMARY]
) ON [PRIMARY]
GO
INSERT [dbo].[CTHOADON] ([SOHD], [MASP], [SOLUONG], [DONGIA], [CHIETKHAU], [THANHTIEN]) VALUES (N'HD001', N'SP001', 1, 100000.0000, 0.0000, 100000.0000)
GO
INSERT [dbo].[CTHOADON] ([SOHD], [MASP], [SOLUONG], [DONGIA], [CHIETKHAU], [THANHTIEN]) VALUES (N'HD001', N'SP008', 1, 100000.0000, 0.0000, 100000.0000)
GO
INSERT [dbo].[CTHOADON] ([SOHD], [MASP], [SOLUONG], [DONGIA], [CHIETKHAU], [THANHTIEN]) VALUES (N'HD001', N'SP012', 1, 500000.0000, 0.0000, 500000.0000)
GO
INSERT [dbo].[CTHOADON] ([SOHD], [MASP], [SOLUONG], [DONGIA], [CHIETKHAU], [THANHTIEN]) VALUES (N'HD002', N'SP003', 1, 2000000.0000, 100000.0000, 1900000.0000)
GO
INSERT [dbo].[CTHOADON] ([SOHD], [MASP], [SOLUONG], [DONGIA], [CHIETKHAU], [THANHTIEN]) VALUES (N'HD003', N'SP002', 1, 500000.0000, 50000.0000, 450000.0000)
GO
INSERT [dbo].[CTHOADON] ([SOHD], [MASP], [SOLUONG], [DONGIA], [CHIETKHAU], [THANHTIEN]) VALUES (N'HD003', N'SP004', 1, 50000.0000, 0.0000, 50000.0000)
GO
INSERT [dbo].[CTHOADON] ([SOHD], [MASP], [SOLUONG], [DONGIA], [CHIETKHAU], [THANHTIEN]) VALUES (N'HD004', N'SP010', 1, 700000.0000, 0.0000, 700000.0000)
GO
INSERT [dbo].[CTHOADON] ([SOHD], [MASP], [SOLUONG], [DONGIA], [CHIETKHAU], [THANHTIEN]) VALUES (N'HD004', N'SP011', 1, 75000.0000, 5000.0000, 70000.0000)
GO
INSERT [dbo].[CTPHIEUNHAP] ([SOPHIEUNHAP], [MASP], [SL], [DONGIA], [MANCC], [CHIETKHAU], [THANHTIEN]) VALUES (N'PN001', N'SP001', 30, 50000.0000, N'CC001', 0.0000, 1500000.0000)
GO
INSERT [dbo].[CTPHIEUNHAP] ([SOPHIEUNHAP], [MASP], [SL], [DONGIA], [MANCC], [CHIETKHAU], [THANHTIEN]) VALUES (N'PN001', N'SP002', 50, 350000.0000, N'CC001', 0.0000, 17500000.0000)
GO
INSERT [dbo].[CTPHIEUNHAP] ([SOPHIEUNHAP], [MASP], [SL], [DONGIA], [MANCC], [CHIETKHAU], [THANHTIEN]) VALUES (N'PN002', N'SP003', 20, 100000.0000, N'CC002', 0.0000, 2000000.0000)
GO
INSERT [dbo].[CTPHIEUNHAP] ([SOPHIEUNHAP], [MASP], [SL], [DONGIA], [MANCC], [CHIETKHAU], [THANHTIEN]) VALUES (N'PN002', N'SP004', 30, 30000.0000, N'CC003', 0.0000, 900000.0000)
GO
INSERT [dbo].[CTPHIEUNHAP] ([SOPHIEUNHAP], [MASP], [SL], [DONGIA], [MANCC], [CHIETKHAU], [THANHTIEN]) VALUES (N'PN002', N'SP006', 20, 1500000.0000, N'CC004', 0.0000, 30000000.0000)
GO
INSERT [dbo].[CTPHIEUXUAT] ([SOPHIEUXUAT], [MASP], [SOLUONG], [DONGIA], [THANHTIEN]) VALUES (N'PX001', N'SP001', 2, 100000.0000, 200000.0000)
GO
INSERT [dbo].[CTPHIEUXUAT] ([SOPHIEUXUAT], [MASP], [SOLUONG], [DONGIA], [THANHTIEN]) VALUES (N'PX001', N'SP004', 1, 50000.0000, 50000.0000)
GO
INSERT [dbo].[CTPHIEUXUAT] ([SOPHIEUXUAT], [MASP], [SOLUONG], [DONGIA], [THANHTIEN]) VALUES (N'PX001', N'SP012', 1, 500000.0000, 500000.0000)
GO
INSERT [dbo].[HOADON] ([SOHD], [NGAYTAO], [TONGTIEN], [MAKH], [TINHTRANG]) VALUES (N'HD001', CAST(N'2020-06-10' AS Date), 700000.0000, N'KH001', N'Đã giao')
GO
INSERT [dbo].[HOADON] ([SOHD], [NGAYTAO], [TONGTIEN], [MAKH], [TINHTRANG]) VALUES (N'HD002', CAST(N'2020-07-16' AS Date), 1900000.0000, N'KH002', N'Đang giao')
GO
INSERT [dbo].[HOADON] ([SOHD], [NGAYTAO], [TONGTIEN], [MAKH], [TINHTRANG]) VALUES (N'HD003', CAST(N'2020-07-15' AS Date), 500000.0000, N'KH004', N'Đã hủy')
GO
INSERT [dbo].[HOADON] ([SOHD], [NGAYTAO], [TONGTIEN], [MAKH], [TINHTRANG]) VALUES (N'HD004', CAST(N'2020-05-15' AS Date), 770000.0000, N'KH003', N'Đã giao')
GO
INSERT [dbo].[KHACHHANG] ([MAKH], [TENKH], [GIOITINH], [DIACHI], [SDT]) VALUES (N'KH001', N'Ngọc Minh           ', 1, N'Thanh Hóa                     ', N'0123456789')
GO
INSERT [dbo].[KHACHHANG] ([MAKH], [TENKH], [GIOITINH], [DIACHI], [SDT]) VALUES (N'KH002', N'Phước Trung         ', 1, N'Bình Phước                    ', N'0912365478')
GO
INSERT [dbo].[KHACHHANG] ([MAKH], [TENKH], [GIOITINH], [DIACHI], [SDT]) VALUES (N'KH003', N'Mỹ Hạnh             ', 0, N'Bình Dương                    ', N'0987123456')
GO
INSERT [dbo].[KHACHHANG] ([MAKH], [TENKH], [GIOITINH], [DIACHI], [SDT]) VALUES (N'KH004', N'Như Phước           ', 1, N'Bình Dương                    ', N'0981234567')
GO
INSERT [dbo].[KHACHHANG] ([MAKH], [TENKH], [GIOITINH], [DIACHI], [SDT]) VALUES (N'KH005', N'Duy Khang           ', 1, N'Bình Dương                    ', N'0791234567')
GO
INSERT [dbo].[KHACHHANG] ([MAKH], [TENKH], [GIOITINH], [DIACHI], [SDT]) VALUES (N'KH006', N'Kim Tới             ', 0, N'Bình Định                     ', N'0987612345')
GO
INSERT [dbo].[NHACUNGCAP] ([MANCC], [TENNCC], [DIACHI], [SDT], [EMAIL]) VALUES (N'CC001', N'Aloshop                       ', N'Quận 12, Hồ Chí Minh                              ', N'0903672673', NULL)
GO
INSERT [dbo].[NHACUNGCAP] ([MANCC], [TENNCC], [DIACHI], [SDT], [EMAIL]) VALUES (N'CC002', N'HATO Case                     ', N'Tân Phú, Hồ Chí Minh                              ', N'0986738278', NULL)
GO
INSERT [dbo].[NHACUNGCAP] ([MANCC], [TENNCC], [DIACHI], [SDT], [EMAIL]) VALUES (N'CC003', N'Phukiengiare                  ', N'Bình Thạnh, Hồ Chí Minh                           ', N'1900636460', NULL)
GO
INSERT [dbo].[NHACUNGCAP] ([MANCC], [TENNCC], [DIACHI], [SDT], [EMAIL]) VALUES (N'CC004', N'Shop Linh Kiện Bình Dương     ', N'Thuận An, Bình Dương                              ', N'0934163063', NULL)
GO
INSERT [dbo].[NHACUNGCAP] ([MANCC], [TENNCC], [DIACHI], [SDT], [EMAIL]) VALUES (N'CC005', N'Cloud''s House Shop            ', N'Quận 1, Hồ Chí Minh                               ', N'0909905159', NULL)
GO
INSERT [dbo].[NHANVIEN] ([MANV], [TENNV], [GIOITINH], [NGAYSINH], [QUEQUAN], [CMND], [SDT], [EMAIL], [CHUCVU], [TENDN], [MATKHAU]) VALUES (N'NV001', N'Lê Thành Đạt                  ', 1, NULL, N'Bình Dương                    ', N'123456789', N'0123456789', N'dat@gmail.com                 ', N'Bán hàng  ', N'thanhdat            ', N'123                 ')
GO
INSERT [dbo].[NHANVIEN] ([MANV], [TENNV], [GIOITINH], [NGAYSINH], [QUEQUAN], [CMND], [SDT], [EMAIL], [CHUCVU], [TENDN], [MATKHAU]) VALUES (N'NV002', N'Phạm Minh Nghĩa               ', 1, NULL, N'Bình Phước                    ', N'987654321', N'0987654321', N'nghia@gmail.com               ', N'Admin     ', N'minhnghia           ', N'123                 ')
GO
INSERT [dbo].[NHANVIEN] ([MANV], [TENNV], [GIOITINH], [NGAYSINH], [QUEQUAN], [CMND], [SDT], [EMAIL], [CHUCVU], [TENDN], [MATKHAU]) VALUES (N'NV003', N'Trần Minh Hiếu                ', 1, NULL, N'Bình Dương                    ', N'234567890', N'0912345678', N'hieu@gmail.com                ', N'Kho       ', N'minhhieu            ', N'123                 ')
GO
INSERT [dbo].[PHIEUNHAP] ([SOPHIEUNHAP], [NGAYNHAP], [NVNHAP]) VALUES (N'PN001', CAST(N'2020-06-20' AS Date), N'NV003')
GO
INSERT [dbo].[PHIEUNHAP] ([SOPHIEUNHAP], [NGAYNHAP], [NVNHAP]) VALUES (N'PN002', CAST(N'2019-12-12' AS Date), N'NV003')
GO
INSERT [dbo].[PHIEUXUAT] ([SOPHIEUXUAT], [NGAYXUAT], [NVXUAT]) VALUES (N'PX001', CAST(N'2020-07-18' AS Date), N'NV001')
GO
INSERT [dbo].[SANPHAM] ([MASP], [TENSP], [DVT], [SLTON], [DONGIA], [MANCC]) VALUES (N'SP001', N'Ốp lưng XUNDD                 ', N'Cái       ', 120, 100000.0000, N'CC005')
GO
INSERT [dbo].[SANPHAM] ([MASP], [TENSP], [DVT], [SLTON], [DONGIA], [MANCC]) VALUES (N'SP002', N'Ốp lưng da                    ', N'Cái       ', 100, 500000.0000, N'CC001')
GO
INSERT [dbo].[SANPHAM] ([MASP], [TENSP], [DVT], [SLTON], [DONGIA], [MANCC]) VALUES (N'SP003', N'Bao da                        ', N'Cái       ', 50, 200000.0000, N'CC002')
GO
INSERT [dbo].[SANPHAM] ([MASP], [TENSP], [DVT], [SLTON], [DONGIA], [MANCC]) VALUES (N'SP004', N'Cường lực                     ', N'Cái       ', 150, 50000.0000, N'CC001')
GO
INSERT [dbo].[SANPHAM] ([MASP], [TENSP], [DVT], [SLTON], [DONGIA], [MANCC]) VALUES (N'SP005', N'Ốp viền Camera sau            ', N'Cái       ', 100, 50000.0000, N'CC003')
GO
INSERT [dbo].[SANPHAM] ([MASP], [TENSP], [DVT], [SLTON], [DONGIA], [MANCC]) VALUES (N'SP006', N'Bao da kiêm bàn phím          ', N'Cái       ', 20, 2000000.0000, N'CC003')
GO
INSERT [dbo].[SANPHAM] ([MASP], [TENSP], [DVT], [SLTON], [DONGIA], [MANCC]) VALUES (N'SP007', N'Case Airpods                  ', N'Cái       ', 50, 70000.0000, N'CC004')
GO
INSERT [dbo].[SANPHAM] ([MASP], [TENSP], [DVT], [SLTON], [DONGIA], [MANCC]) VALUES (N'SP008', N'Cáp sạc                       ', N'Cái       ', 100, 100000.0000, N'CC005')
GO
INSERT [dbo].[SANPHAM] ([MASP], [TENSP], [DVT], [SLTON], [DONGIA], [MANCC]) VALUES (N'SP009', N'Tai nghe dây                  ', N'Cái       ', 150, 200000.0000, N'CC001')
GO
INSERT [dbo].[SANPHAM] ([MASP], [TENSP], [DVT], [SLTON], [DONGIA], [MANCC]) VALUES (N'SP010', N'Tai nghe True Wireless        ', N'Cái       ', 30, 700000.0000, N'CC005')
GO
INSERT [dbo].[SANPHAM] ([MASP], [TENSP], [DVT], [SLTON], [DONGIA], [MANCC]) VALUES (N'SP011', N'Gậy Selfie                    ', N'Cái       ', 10, 75000.0000, N'CC004')
GO
INSERT [dbo].[SANPHAM] ([MASP], [TENSP], [DVT], [SLTON], [DONGIA], [MANCC]) VALUES (N'SP012', N'Sạc dự phòng                  ', N'Cái       ', 30, 500000.0000, N'CC004')
GO
ALTER TABLE [dbo].[HOADON] ADD  CONSTRAINT [DF_HOADON_SOHD]  DEFAULT ([dbo].[AUTO_HD]()) FOR [SOHD]
GO
ALTER TABLE [dbo].[KHACHHANG] ADD  CONSTRAINT [DF_KHACHHANG_MAKH]  DEFAULT ([dbo].[AUTO_MAKH]()) FOR [MAKH]
GO
ALTER TABLE [dbo].[NHACUNGCAP] ADD  CONSTRAINT [DF_NHACUNGCAP_MANCC]  DEFAULT ([dbo].[AUTO_NCC]()) FOR [MANCC]
GO
ALTER TABLE [dbo].[NHANVIEN] ADD  CONSTRAINT [DF_NHANVIEN_MANV]  DEFAULT ([dbo].[AUTO_IDKH]()) FOR [MANV]
GO
ALTER TABLE [dbo].[PHIEUNHAP] ADD  CONSTRAINT [DF_PHIEUNHAP_SOPHIEUNHAP]  DEFAULT ([dbo].[AUTO_PHIEUNHAP]()) FOR [SOPHIEUNHAP]
GO
ALTER TABLE [dbo].[PHIEUXUAT] ADD  CONSTRAINT [DF_PHIEUXUAT_SOPHIEUXUAT]  DEFAULT ([dbo].[AUTO_PHIEUXUAT]()) FOR [SOPHIEUXUAT]
GO
ALTER TABLE [dbo].[SANPHAM] ADD  CONSTRAINT [DF_SANPHAM_MASP]  DEFAULT ([dbo].[AUTO_SP]()) FOR [MASP]
GO
ALTER TABLE [dbo].[CTHOADON]  WITH CHECK ADD  CONSTRAINT [FK_CTHOADON_HOADON1] FOREIGN KEY([SOHD])
REFERENCES [dbo].[HOADON] ([SOHD])
GO
ALTER TABLE [dbo].[CTHOADON] CHECK CONSTRAINT [FK_CTHOADON_HOADON1]
GO
ALTER TABLE [dbo].[CTHOADON]  WITH CHECK ADD  CONSTRAINT [FK_CTHOADON_SANPHAM1] FOREIGN KEY([MASP])
REFERENCES [dbo].[SANPHAM] ([MASP])
GO
ALTER TABLE [dbo].[CTHOADON] CHECK CONSTRAINT [FK_CTHOADON_SANPHAM1]
GO
ALTER TABLE [dbo].[CTPHIEUNHAP]  WITH CHECK ADD  CONSTRAINT [FK_CTPHIEUNHAP_NHACUNGCAP1] FOREIGN KEY([MANCC])
REFERENCES [dbo].[NHACUNGCAP] ([MANCC])
GO
ALTER TABLE [dbo].[CTPHIEUNHAP] CHECK CONSTRAINT [FK_CTPHIEUNHAP_NHACUNGCAP1]
GO
ALTER TABLE [dbo].[CTPHIEUNHAP]  WITH CHECK ADD  CONSTRAINT [FK_CTPHIEUNHAP_PHIEUNHAP] FOREIGN KEY([SOPHIEUNHAP])
REFERENCES [dbo].[PHIEUNHAP] ([SOPHIEUNHAP])
GO
ALTER TABLE [dbo].[CTPHIEUNHAP] CHECK CONSTRAINT [FK_CTPHIEUNHAP_PHIEUNHAP]
GO
ALTER TABLE [dbo].[CTPHIEUNHAP]  WITH CHECK ADD  CONSTRAINT [FK_CTPHIEUNHAP_SANPHAM1] FOREIGN KEY([MASP])
REFERENCES [dbo].[SANPHAM] ([MASP])
GO
ALTER TABLE [dbo].[CTPHIEUNHAP] CHECK CONSTRAINT [FK_CTPHIEUNHAP_SANPHAM1]
GO
ALTER TABLE [dbo].[CTPHIEUXUAT]  WITH CHECK ADD  CONSTRAINT [FK_CTPHIEUXUAT_PHIEUXUAT] FOREIGN KEY([SOPHIEUXUAT])
REFERENCES [dbo].[PHIEUXUAT] ([SOPHIEUXUAT])
GO
ALTER TABLE [dbo].[CTPHIEUXUAT] CHECK CONSTRAINT [FK_CTPHIEUXUAT_PHIEUXUAT]
GO
ALTER TABLE [dbo].[CTPHIEUXUAT]  WITH CHECK ADD  CONSTRAINT [FK_CTPHIEUXUAT_SANPHAM] FOREIGN KEY([MASP])
REFERENCES [dbo].[SANPHAM] ([MASP])
GO
ALTER TABLE [dbo].[CTPHIEUXUAT] CHECK CONSTRAINT [FK_CTPHIEUXUAT_SANPHAM]
GO
ALTER TABLE [dbo].[HOADON]  WITH CHECK ADD  CONSTRAINT [FK_HOADON_KHACHHANG1] FOREIGN KEY([MAKH])
REFERENCES [dbo].[KHACHHANG] ([MAKH])
GO
ALTER TABLE [dbo].[HOADON] CHECK CONSTRAINT [FK_HOADON_KHACHHANG1]
GO
ALTER TABLE [dbo].[PHIEUNHAP]  WITH CHECK ADD  CONSTRAINT [FK_PHIEUNHAP_NHANVIEN] FOREIGN KEY([NVNHAP])
REFERENCES [dbo].[NHANVIEN] ([MANV])
GO
ALTER TABLE [dbo].[PHIEUNHAP] CHECK CONSTRAINT [FK_PHIEUNHAP_NHANVIEN]
GO
ALTER TABLE [dbo].[PHIEUXUAT]  WITH CHECK ADD  CONSTRAINT [FK_PHIEUXUAT_NHANVIEN] FOREIGN KEY([NVXUAT])
REFERENCES [dbo].[NHANVIEN] ([MANV])
GO
ALTER TABLE [dbo].[PHIEUXUAT] CHECK CONSTRAINT [FK_PHIEUXUAT_NHANVIEN]
GO
ALTER TABLE [dbo].[SANPHAM]  WITH CHECK ADD  CONSTRAINT [FK_SANPHAM_NHACUNGCAP] FOREIGN KEY([MANCC])
REFERENCES [dbo].[NHACUNGCAP] ([MANCC])
GO
ALTER TABLE [dbo].[SANPHAM] CHECK CONSTRAINT [FK_SANPHAM_NHACUNGCAP]
GO
